Author,Date,Region,Sentence,pos_tags,LLaMA
Brunetto Latini,1260-61,fior.,"quella guerra ben fatta l' opera perché etc. Et dall' altra parte Aiaces era uno cavaliere franco e prode all' arme, di gran guisa, ma non era pieno di grande senno",DET NOUN ADV VERB DET PUNCT NOUN SCONJ PUNCT PROPN ADP PUNCT ADJ NOUN PROPN AUX DET NOUN ADJ CCONJ NOUN ADP PUNCT NOUN PUNCT ADP ADJ NOUN PUNCT CCONJ ADV AUX ADJ ADP ADJ NOUN,"Quell'opera fu ben fatta perciò... Dall'altra parte, Aiace era un cavaliere franco e valoroso in guerra, in modo grande, ma non era pieno di grande sapienza."
Bono Giamboni,1292,fior.,"crudele, e di tutte le colpe pigli vendetta, come dice la legge, ed a neuno cavaliere perdoni che pecchi.",ADJ PUNCT CCONJ ADP DET DET NOUN VERB NOUN PUNCT SCONJ VERB DET NOUN PUNCT CCONJ ADP ADJ NOUN VERB SCONJ VERB PUNCT,"Siate crudeli, e perseguitate tutti i colpevoli, come vuole la legge, e lasciate perdono a nessun cavaliere, che pecca."
Valerio Massimo (red. V1,1336,fior.,"Non d' altra forza d' animo fue ornato Ponzio Aufidiano, romano cavaliere.",ADV ADP AUX ADJ NOUN ADP PUNCT NOUN PRON VERB PROPN PROPN PUNCT ADJ NOUN PUNCT,"Nessun'altra virtù d'animo ha adornato Ponzio Aufidiano, il valoroso cavaliere romano."
Lucano volg. (ed. Marinoni),1330/40,prat.,"Se questo piace a tutti e se 'l tempo hae bisogno d'avere Pompeio per cavaliere e non per compagno, non riterrò più i fati.",SCONJ PRON VERB ADP PRON CCONJ SCONJ PUNCT DET NOUN NOUN NOUN ADP VERB PROPN ADP NOUN CCONJ ADV ADP NOUN PUNCT ADV VERB ADV DET NOUN PUNCT,"Se questo è gradevole a tutti e se il tempo ha bisogno di Pompeio come cavaliere e non come compagno, non mi piegherò più a colpa."
Brunetto Latini,1260-61,fior.,"Officio di questa arte pare che sia dicere appostatamente per fare credere, fine è far credere per lo dire.",NOUN ADP DET NOUN VERB SCONJ AUX VERB ADV ADP VERB VERB PUNCT NOUN AUX VERB VERB ADP PRON VERB PUNCT,"Il compito di questa arte sembra essere espungere parole inopportune per fare credere, il fine vero è far credere per quel che si dice."
Simintendi,1333,tosc.,Ecco e larghi ventipiovoli caggiono delle risolute nebbie; e potresti credere che tutto il cielo cadesse nel mare,ADV CCONJ NOUN ADJ VERB ADP ADJ NOUN PUNCT CCONJ AUX VERB SCONJ DET DET NOUN VERB ADP NOUN,"Ecco che cadono vasti cumuli di nebbia, e sembreresti credere che tutto il cielo si gettasse nel mare."
Agostino da Scarperia (?),1390,tosc.,"Però che or chi spererebbe quello che eziandio questi che non vogliono ancora credere in Cristo, già veggiono con noi, e perché nol possono negare, stridono colli denti.",ADV SCONJ ADV PRON VERB PRON PRON VERB PRON PRON ADV AUX ADV VERB ADP PROPN PUNCT ADV ADJ ADP PRON PUNCT CCONJ SCONJ NOUN AUX VERB PUNCT VERB ADJ NOUN PUNCT,"Se ancora sperasse qualcuno che queste persone, che non credono ancora in Cristo, già lo scoprono con noi e, perché non possono negarlo, soffocano a stento."
Bono Giamboni,1292,fior.,I vendimenti de' morti et le presure de' vivi fece la frode d'uno feroce re.,DET NOUN ADP PUNCT NOUN CCONJ DET NOUN ADP ADP NOUN VERB DET NOUN ADP DET ADJ NOUN PUNCT,I venditti dei morti e le persecuzioni dei vivi fecero la frode di un re crudele.
Bart. da San Concordio,1313,tosc.,"Acciocché quegli, il quale ora per le sue gran reità è feroce e onorevole, egli d'ogni male afflitto e tormentato della impietà verso il mio padre.",ADV DET PUNCT DET PRON ADV ADP DET DET ADJ NOUN AUX ADJ CCONJ NOUN PUNCT PRON ADP DET NOUN ADJ CCONJ ADJ ADP NOUN ADP DET DET NOUN PUNCT,"Affinché Costui, il quale ora, per le sue gravi colpe, è crudele e rispettabile, egli sia afflitto e tormentato da ogni male, a causa dell'impietà commessa contro mio padre."
Brunetto Latini,1260-61,fior.,Gli uomini spessamente a stare fermi nella bugia incontra la verità.,DET NOUN ADJ ADP VERB ADJ ADP NOUN VERB DET NOUN PUNCT,Gli uomini di solito (safra: spessamente è un uso letterario o poetico) cadono nella menzogna quanto più si sostengono nella bugia.
Filippo da Santa Croce,1323,tosc.,"Marco Cornelio ch'era de' dieci compagni, studiosamente  si riservò di parlare all'ultimo.",PROPN PROPN SCONJ AUX ADP ADP NUM NOUN PUNCT ADV SPACE PRON VERB ADP VERB ADP NOUN PUNCT,"Marco Cornelio, che era uno dei dieci commensali, si riservò saggiamente di parlare per ultimò."
Cavalca,1330,tosc.,cose ch'io sapeva che erano fatte in Italia.,NOUN SCONJ PRON VERB SCONJ AUX VERB ADP PROPN PUNCT,cose che sapevo essere state fatte in Italia.
Valerio Massimo (red. V1,1336,fior.,Corbio nipote d' Ortensio menò sua vita più bassa e più viziosa,PROPN NOUN ADP PROPN PROPN VERB DET NOUN ADV ADJ CCONJ ADV ADJ,"Corbio, nipote d'Ortensio, condusse la vita più bassa e più viziosa possibile."
Brunetto Latini,1260-61,fior.,"Altressì uno amante chiamando merzé alla sua donna dice parole e ragioni molte, et ella si difende in suo dire.",PROPN DET NOUN VERB VERB ADP DET NOUN VERB NOUN CCONJ NOUN PRON PUNCT CCONJ PRON PRON VERB ADP DET VERB PUNCT,"Anche un amante, chiamando mercede alla sua donna, dice molte parole e ragioni, e lei si difende con le sue parole."
Arte Am. Ovid. (B),1310/13,fior.,"Io mi ricordo (ch. 347) che essendo adirato scapigliai la mia donna. Ohi, quanti dì questa ira mi tolse!",PRON PRON VERB PUNCT PROPN NOUN NUM PUNCT SCONJ AUX VERB VERB DET DET NOUN PUNCT PROPN PUNCT PRON VERB DET NOUN PRON VERB PUNCT,"Ricordo ancora (cfr. cap. 347) di esser stato infuriato e di aver maltrattato la mia donna. Ah, quanti giorni mi hanno fatto soffrire quest'ira!"
Rim. Am. Ovid. (B),1310/13,fior.,colui del quale tu tti solevi dolere ch' era amante della tua donna;,PRON ADP PRON PRON AUX NOUN VERB PROPN PRON AUX NOUN ADP DET NOUN PUNCT,quell'uomo per il quale tu ti solevi addolorare perché era amante della tua donna.
Fatti de' Romani (H+R),1313,fior.,"Ma no sapeano già le nomora di coloro dela congiurazione, ché la donna no nominava già li nomi.",CCONJ ADV VERB ADV DET NOUN ADP PRON VERB NOUN PUNCT SCONJ DET NOUN ADJ VERB ADV DET NOUN PUNCT,"Ma non erano ancora a conoscenza dei nomi di coloro che partecipavano alla congiura, poiché la donna non li nominava ancora."
Ceffi,1325,fior.,"Creti?  Certo quand'elli si mosse, elli ti dixe: ""O fedele mia donna, fa' che in mio luogo ti sia racomandato il nostro hoste troiano"".",PROPN PUNCT SPACE ADV SCONJ NOUN PRON VERB PUNCT NOUN PRON PROPN PUNCT PUNCT CCONJ ADJ DET NOUN PUNCT VERB PUNCT PRON ADP DET NOUN PRON AUX VERB DET DET PROPN ADJ PUNCT PUNCT,"Creti? È chiaro che quando si mosse, gli disse: ""O mia fida donna, fa' che in mio luogo il nostro Otreo abbia raccomandato il nostro ospite troiano""."
Valerio Massimo (red. V1,1336,fior.,"A Milano fue ripressa la malvagità d' una donna in simile bugìa, nel tempo medesimo di questo signore della republica, in questo modo: ",ADP PROPN PRON VERB DET NOUN ADP ADP DET NOUN ADP ADJ NOUN PUNCT ADP NOUN ADJ ADP DET NOUN ADP PROPN PUNCT ADP DET NOUN PUNCT,"A Milano fu riesumata la malvagità di una donna per una menzogna simile, nella stessa epoca in cui visse questo signore della repubblica, cioè:"
Filippo da Santa Croce,1323,tosc.,"E lamentavansi dell'iniquità d'Appio, e ripiagnevano la malavventurata beltà della pulcella e la necessità del padre.",CCONJ ADJ ADP NOUN ADP PROPN PUNCT CCONJ VERB DET NOUN NOUN ADP PROPN CCONJ DET NOUN ADP NOUN PUNCT,Lamentavano dell'iniquità di Appio e piangevano la sfortunata bellezza della vergine e la necessità del padre.
Brunetto Latini,1294,fior.,"Nella quale battaglia, certo io ebbi sempre ardire di ragionare di pace e sempre mi dolfi che non solamente la pace era schifata,",ADP DET NOUN PUNCT ADV PRON VERB ADV ADJ ADP VERB ADP NOUN CCONJ ADV PRON ADV SCONJ ADV ADV DET NOUN AUX ADJ PUNCT,"Nella quale battaglia, certo, io sempre ebbi il coraggio di parlare di pace e mi dolse sempre che non solo la pace era disprezzata."
Bart. da San Concordio,1313,tosc.,"la seconda suole talora per la grande provedenzia fare timoroso, e la prima per l'ardire rendere altrui matto.",DET ADJ NOUN ADV ADP DET ADJ NOUN VERB ADJ PUNCT CCONJ DET ADJ ADP DET NOUN VERB DET NOUN PUNCT,"La seconda è spesso tremebonda per la sua grande previdenza, e la prima riesce talvolta a rendersi ancor altrui pazzo grazie alla sua audacia."
Valerio Massimo (red. V1,1336,fior.,Andò nel campo de' Cartaginesi e tutta la legione trasse seco.,PROPN ADP NOUN ADP PUNCT PROPN CCONJ DET DET NOUN VERB PROPN PUNCT,Andò nel campo cartaginese e con sé trasse tutta la legione.
Zanobi da Strada,1361,tosc.,"Non lo volle cognoscere per nimico. Qesta è quella, la quale diede ardire al profeta Natan a riprendere con grande autoritade quello re, il quale avea peccato.",ADV PRON VERB VERB ADP NOUN PUNCT PRON AUX PRON PUNCT DET PRON VERB NOUN ADP NOUN PROPN ADP VERB ADP ADJ ADP DET NOUN PUNCT DET PRON VERB NOUN PUNCT,Non lo volle conoscono come nemico. Questa è quella che ispirò coraggio al profeta Natan per rimproverare con grande autorità quel re che aveva peccato.
Frontino volg.,1381,bologn.,"l'armi et insieme con loro passaseno tra li nimici, perçò se alcuno non avesse ardire de questo et sì avevano questo animo.",DET NOUN CCONJ ADV ADP PRON NOUN ADP DET NOUN PUNCT PROPN SCONJ PRON ADV VERB VERB ADP PRON CCONJ ADV VERB DET NOUN PUNCT,"L'armi e insieme con loro passavano tra i nemici, perciò se alcuno non avesse avuto il coraggio di ciò e avevano questo animo."
Giovanni da San Miniato,1415,tosc.,Unde ragionevolemente Iob è interpretato dolente;,ADV NOUN PROPN AUX VERB ADJ PUNCT,Dove ragionevolmente è interpretato Job come un uomo sofferente.
Filippo da Santa Croce,1323,tosc.,"quello che sopra tutti gli altri perdonasse a' cittadini, e a cui più sicuramente possiate credere; poi ch'egli fu vostro comandatore.",PRON PRON ADP DET DET PRON VERB ADP PUNCT NOUN PUNCT CCONJ ADP PRON ADV ADV AUX VERB PUNCT ADV SCONJ PRON AUX DET NOUN PUNCT,"Quello che sopra tutti gli altri ha perdonato ai cittadini, è il cui parere potete credere più sicuramente, poiché fu sempre il vostro comandante."
Zanobi da Strada,1361,tosc.,"in vano si domanda chi questo Libro scrivesse, con ciò sia cosa che fedelmente si debba credere che l'Auttore di quello fusse lo Spirito santo.",ADP NOUN PRON VERB PRON DET NOUN VERB PUNCT ADP PRON AUX NOUN PRON ADV PRON AUX VERB SCONJ DET PROPN ADP PRON VERB DET PROPN ADJ PUNCT,"Inutilmente si porrebbe la domanda su chi abbia scritto questo Libro, poiché dobbiamo credere sinceramente che l'autore di esso fosse lo Spirito Santo."
Agostino da Scarperia (?),1390,tosc.,"se non fosse usatissima, ciò parrebbe certo molto più incredibile: certo più agevolmente si può credere quello, posto che l'umano spirito al divino, ed il mutabile allo incommutabile",SCONJ ADV AUX ADJ PUNCT PRON VERB ADV ADV ADV ADJ PUNCT ADV ADV ADV PRON AUX VERB PRON PUNCT NOUN SCONJ DET ADJ NOUN ADP NOUN PUNCT CCONJ DET NOUN ADP NOUN,"Se non fosse consueto, ciò sembrerebbe certamente molto più incredibile: certo si può più facilmente credere a ciò, posto che lo spirito umano può ascendere al divino, e il mutabile può raggiungere l'incommutabile."
Brunetto Latini,1260-61,fior.,che prendessero la paga dal camarlingo per loro dispensa et immantenente andassero alla presenzia di messer lo papa per contradiare il passamento de' cavalieri che veniano di Cecilia in Toscana,SCONJ VERB DET NOUN ADP NOUN ADP DET NOUN CCONJ ADV VERB ADP NOUN ADP NOUN DET NOUN ADP VERB DET NOUN ADP PUNCT NOUN PRON VERB ADP PROPN ADP PROPN,"Così, avendo preso il loro stipendio dal tesoriere, se ne andassero immediatamente in audience presso papa per opporsi alla rivolta dei cavalieri che erano arrivati in Toscana da Cecilia."
Bonsignori,1375-77,umbr.-tosc.,"Teseo reguardò Achelao fortemente meravigliandose e disse così: ""O messer Achelao, io vi prego che voi me diciate in che modo voi perdeste",PROPN VERB PROPN ADV ADJ CCONJ VERB ADV PUNCT PUNCT CCONJ VERB PROPN PUNCT PRON PRON VERB SCONJ PRON PRON VERB ADP DET NOUN PRON NOUN,"Teseo guardò Achelao con grande meraviglia e disse: ""Oh signor Achelao, ti prego di dirmi come hai perso il tuo dono""."
Giovanni da San Miniato,1415,tosc.,"Io spero in messer Iesù di mandare tosto a voi Timoteo, acciocché io sia d'animo buono",PRON VERB ADP NOUN PROPN ADP VERB ADV ADP PRON PROPN PUNCT SCONJ PRON AUX ADP NOUN ADJ,"Spero in Gesù che Mistero Tiemo ti invii presto, affinché io possa avere un buon animo."
Brunetto Latini,1260-61,fior.,sanza fallo lo porco salvatico avanza l' uomo d' udire e 'l lupo cerviere del vedere,NOUN NOUN DET NOUN ADJ VERB DET PUNCT NOUN ADP AUX VERB CCONJ AUX DET NOUN ADJ ADP VERB,"Senza errore, il selvaggio maiale è in grado di udire, e la lupa accorta di vedere."
Bono Giamboni,1292,fior.,uno luogo si mandano lancioni;  la quale cosa i cavalieri l' appellano capo di porco,DET NOUN PRON VERB PROPN PUNCT SPACE DET DET NOUN DET NOUN PRON PRON VERB NOUN ADP NOUN,In un luogo si mandano lancioni; e questa cosa i cavalieri la chiamano testa di porco.
Arte Am. Ovid. (B),1310/13,fior.,tenda le reti a li cerbi e sa bene in quali valle dimori il furioso porco cinghiare.,VERB DET NOUN ADP DET ADJ CCONJ VERB ADV ADP DET NOUN ADJ DET ADJ NOUN VERB PUNCT,Lanci le reti a coloro che non sanno in quali pianure dimora il violento porco che vuole cinghiare.
Rim. Am. Ovid. (B),1310/13,fior.,"Ora spaventerai li disidirosi cervi con varie e diverse paure, o lo porco cenghiare caggia in terra passato collo spiedo.",ADV VERB PRON ADJ NOUN ADP ADJ CCONJ DET NOUN PUNCT CCONJ DET NOUN ADJ ADJ ADP NOUN ADJ NOUN NOUN PUNCT,"Ora i cervi assetati di sangue ti farai tremare con diverse paure, e il maiale conficcato da una lancia cadrà a terra."
Brunetto Latini,1260-61,fior.,"tratta la natura delle cose incorporali le quali non conversano intra lle corpora, sì come Dio e le divine cose.",VERB DET NOUN ADP NOUN ADJ DET PRON ADV VERB ADJ ADP NOUN PUNCT INTJ ADP NOUN CCONJ DET ADJ NOUN PUNCT,"Tratta la natura delle realtà immateriali, che non comunicano tra di loro, così come Dio e le cose divine."
Bono Giamboni,1292,fior.,"Dio, per la quale si dispensano et iudicano tutte le cose.",NOUN PUNCT ADP DET PRON PRON VERB CCONJ VERB DET DET NOUN PUNCT,"Dio, mediante il quale tutto viene dispensato e giudicato."
Bonsignori,1375-77,umbr.-tosc.,"Unde gli poeti, parlando de lloro, dicono le virtute loro e dicono fabolosamente gli loro difetti, quando alcuna passava l'ordine a lloro deputato",SCONJ DET NOUN PUNCT VERB ADP VERB PUNCT VERB DET ADJ DET CCONJ VERB VERB DET DET NOUN PUNCT SCONJ PRON VERB DET NOUN ADP ADJ NOUN,"I poeti, parlando dei loro, esaltano le loro virtù e glorificano, in modo fittizio, i loro difetti, quando una cosa supera la loro propria portata."
Giovanni dalle Celle (?),1396,tosc.,"e quella cosa, la quale è diricta et onesta, e con virtute, quella sola penso essere lo bene.",CCONJ DET NOUN PUNCT DET PRON AUX ADJ CCONJ ADJ PUNCT CCONJ ADP NOUN PUNCT PRON ADJ VERB AUX DET NOUN PUNCT,"E considero come il bene è solo quella cosa che è retta e onesta, e raggiunta con virtù."
Fatti de' Romani (H+R),1313,fior.,"Quando li serpenti invellenava di giorno alcuno Romano, allora iera la maraviglia a vedere come li Psille si combattevano al veleno, ché elli imolavano tutto inazzi della loro salive",SCONJ DET NOUN VERB ADP NOUN DET PROPN PUNCT ADV VERB DET NOUN ADP VERB SCONJ PRON PROPN PRON VERB ADP NOUN PUNCT SCONJ NOUN VERB ADV VERB ADP DET NOUN,"Quando i serpenti azzannavano durante il giorno un Romano, allora era meraviglia vedere come i vipere si uccidevano con il veleno, poiché venivano a consumare tutta la tossina della loro saliva."
Chiose a Rim. Am. (B),1310-,fior.,"Dice il poeta: oh, che bella cosa è vedere apertamente con gli occhi quando tu glel fai diretro o in culo o in altro",VERB DET NOUN PUNCT INTJ PUNCT PRON ADJ NOUN AUX VERB ADV ADP DET NOUN SCONJ PRON PROPN VERB ADV CCONJ ADP NOUN CCONJ ADP PRON,"Dice il poeta: oh, quanto bello è vedere con gli occhi aperti quando tu lo fai direttamente o nella_PCI詞 o in qualsiasi altro modo."
Cavalca,1330,tosc.,"ma pur questo fu colpa tua, però che volesti cercare di vedere con gli occhi corporali la cosa invisibile.",CCONJ ADV PRON AUX NOUN DET PUNCT ADV SCONJ AUX VERB ADP VERB ADP DET NOUN ADJ DET NOUN ADJ PUNCT,"Ma proprio questo fu colpa tua, poiché desiderasti cercare di comprendere con gli occhi della carne una cosa invisibile."
Brunetto Latini,1260-61,fior.,"Vero è, ma non tine rispondo in questo tempo, perciò che ttu se' mio servo, o perciò ch' è tempo feriato, o perciò ch' io non debbo risponderti",VERB AUX PUNCT CCONJ ADV NOUN VERB ADP DET NOUN PUNCT ADV SCONJ VERB PROPN AUX DET NOUN PUNCT CCONJ ADV ADP PRON AUX NOUN ADJ PUNCT CCONJ ADV ADP PRON PRON ADV AUX VERB,"Ciò è vero, ma non ti rispondo in questo momento, perché tu sei mio servo, o perché è tempo di riposo, o perché non ti devo rispondere."
Fatti de' Romani (H+R),1313,fior.,sì convene che lli desse grande avere perché · lasciasse andare via.,ADV VERB SCONJ PRON VERB ADJ VERB ADV ADP VERB VERB ADV PUNCT,"Sarebbe stato conveniente che gli desse un grande avere, affinché potesse lasciarlo andare via."
Filippo da Santa Croce,1323,tosc.,"notabile esemplo a ciascuno che si guardasse di fare e di pensar tradigione, il servo, il quale gli avea accusati, fu francato, e fugli donata grande quantità di moneta",ADJ ADV ADP PRON PRON PRON VERB ADP VERB CCONJ ADP NOUN ADJ PUNCT DET NOUN PUNCT DET PRON PRON AUX VERB PUNCT AUX ADJ PUNCT CCONJ VERB VERB ADJ NOUN ADP NOUN,"Ecco un esempio eclatante per ogni singolo che si guardi di compiere e di pensare alto tradimento: il servo, che gli aveva denunciati, fu assolto e le fu data una grande quantità di denaro."
Valerio Massimo (red. Va),1336,tosc.,che sarebbe a llui cosa sconcia se ll'avesse commesso sì che lla colpa del servo e 'l gastigamento di Platone avesse meritato egualmente.,PRON VERB ADP NOUN PRON VERB SCONJ PRON AUX VERB ADV SCONJ ADP NOUN ADP NOUN CCONJ PUNCT DET NOUN ADP PROPN AUX VERB ADV PUNCT,che sarebbe cosa indecorosa per lui se gli fosse successo qualcosa che avrebbe meritato l'ingiuria di un servo e il castigo di Platone per la stessa cosa.
Valerio Massimo (red. V1,1336,fior.,"mostroe massimamente le forze sue, dando lui re a questa cittade ne la quale nacque servo; al quale avvenne lunghissimamente lo imperio tenere",NOUN ADV DET NOUN DET PUNCT VERB PRON NOUN ADP DET NOUN ADP DET PRON VERB NOUN PUNCT ADP PRON VERB ADJ DET NOUN VERB,"Mostrò maggiormente le sue forze, facendosi re di questa città nella quale nacque servo; al quale avvenne conservare l'imperio per un tempo straordinariamente lungo."
Brunetto Latini,1260-61,fior.,l' anima muta la sua forza per la propietade di quello corpo a cui ella si congiunge.,DET ADJ NOUN VERB DET DET NOUN ADP DET NOUN ADP PRON NOUN ADP PRON PRON PRON VERB PUNCT,"L'anima muta la sua essenza, modificandosi secondo la proprietor del corpo nel quale si unisce."
Cavalca,1308,tosc.,"sono due già non in una carne, ma in uno spirito, cioè Iddio, e l' anima. Onde in altro luogo dice S. Paolo: Chi s' accosta a Dio è uno spirito",AUX NUM ADV ADV ADP DET NOUN PUNCT CCONJ ADP DET NOUN PUNCT CCONJ PROPN PUNCT CCONJ DET DET NOUN PUNCT NOUN ADP ADJ NOUN VERB PROPN PROPN PUNCT PRON PROPN PRON VERB ADP NOUN AUX DET NOUN,"Sono due, non in un corpo, ma in un solo Spirito, cioè Dio e l'anima. Perciò san Paolo diceva: Chi si accosta a Dio diventa uno Spirito."
Fatti de' Romani (H+R),1313,fior.,"per tanto che Lucano il disse, il vi racontiamo. Ivi, quando l'anima di Pompeo ebe sentito la chiarità di lasusso, ella sì cognobe prima in  grande",ADP PRON SCONJ PROPN PRON VERB PUNCT DET PRON VERB PUNCT ADV PUNCT SCONJ DET NOUN ADP PROPN AUX VERB DET NOUN ADP PROPN PUNCT PRON ADV ADJ ADV ADP SPACE ADJ,"Poiché Lucano lo disse, ve lo riporto. Lì, quando l'anima di Pompeo ebbe sentito la chiarezza dei suoi agi, ella si rese conto subito della sua grandezza."
Bono Giamboni,1292,fior.,"Sicchè dolore è a udire, quando l' usare l' arme e la fatica ricusano, con grandissimo disonore come pecore essere",AUX NOUN VERB ADP VERB PUNCT SCONJ DET DET VERB DET DET NOUN CCONJ DET NOUN VERB PUNCT ADP ADJ NOUN ADP NOUN AUX,"Perciò è dolore ascoltare che l'uomo rifiuti l'uso delle armi e la fatica, e sia ridotto al più vile onore di pecore."
Bono Giamboni,1292,fior.,et nonn ebbe in fastido Cristo cotali parole d'udire.,CCONJ PROPN VERB ADP ADJ PROPN ADJ NOUN ADP VERB PUNCT,E nonn'è stato invelato Cristo dalle parole come queste da udire.
Prima catilinaria volg. (red. A),1294,fior.,"la moltitudine de' quali tu ài potuto vedere e riguardare lo studio e poco dinanzi udire le voci, e lle cui mani e lance apena posso ritenere.",DET NOUN ADP PUNCT PRON PRON PRON AUX VERB CCONJ VERB DET NOUN CCONJ ADV ADV VERB DET NOUN PUNCT CCONJ ADP DET NOUN CCONJ NOUN ADV AUX VERB PUNCT,Quelli che hai potuto vedere e contemplare lo studio e poco fa sentire le voci e di cui le mani e i confini della mia pazienza riesco a malapena a contenere.
T. Alderotti (?),1295,fior.,"udire di belle novelle et odorare di belli fiori, come et quando et quanto si conviene",VERB ADP ADJ NOUN CCONJ VERB ADP ADJ NOUN PUNCT ADP CCONJ SCONJ CCONJ PRON PRON VERB,"Godersi a sentire belle novelle e a inebriarsi profumatamente di bei fiori, come si conviene ora e quando è opportuno."
Filippo da Santa Croce,1323,tosc.,"Il re entrò in uno giardino dietro al suo albergo, quasi come s'egli andasse pensando alla risposta.",DET NOUN VERB ADP DET NOUN ADV DET DET NOUN PUNCT ADV SCONJ PRON PRON VERB VERB ADP NOUN PUNCT,"Il re entrò nel giardino dietro l'hotel, come se stesse riflettendo sulla risposta."
Ceffi,1325,fior.,"Ma io disioso colà dove io non posso col corpo andare, con la mente vi volo",CCONJ PRON ADJ NOUN ADV PRON ADV AUX ADP NOUN VERB PUNCT ADP DET NOUN PRON NOUN,"Ma io dissido là dove io non posso andar con il corpo, con la mente vi volo."
Guido da Pisa,1337,tosc.,Ed ecco di subito tutta questa turba degli uccelli si levò a volo dietro all'aquila,CCONJ ADV ADP ADV DET PRON ADJ ADP NOUN PRON VERB ADP NOUN ADV DET NOUN,E subito tutta quella           folla di uccelli si levò in volo all'inseguimento dell'aquila.
Grazia di Meo,1343,tosc.,Vede anche le ragioni del volo degli uccielli e di tutte le cose sa rendere vero giudicio.,VERB ADV DET NOUN ADP NOUN ADP ADJ CCONJ ADP DET DET NOUN VERB VERB ADJ NOUN PUNCT,Vede anche le ragioni per cui gli uccelli volano e tutte le cose è in grado di giudicarle con vero senso critico.
Zanobi da Strada,1361,tosc.,Or ecco quanto per la sua superbia questo uccello volava in alto.,ADV ADV ADV ADP DET DET NOUN DET NOUN VERB ADP ADV PUNCT,"Ecco infine come, proprio a causa della sua incredibile superbia, quell'uccello volava così alto."
Bonsignori,1375-77,umbr.-tosc.,"Gorgone, e ho questa proprietà che io volo per l'aire sì come uno ucello"".",PROPN PUNCT CCONJ VERB DET NOUN PRON PRON VERB ADP DET NOUN ADV ADP DET NOUN PUNCT PUNCT,"Medusa, e ho questa proprietà che io volo nel cielo come un uccello."
Bono Giamboni,1292,fior.,"quando nella matricola si scrivono giurano per Dio, e per Cristo, e per lo Spirito Santo",SCONJ ADP NOUN PRON VERB VERB ADP NOUN PUNCT CCONJ ADP PROPN PUNCT CCONJ ADP DET PROPN PROPN,"Quando nel documento si scrivono di giurare per Dio, per Cristo e per lo Spirito Santo."
Bono Giamboni,1292,fior.,"per necessitade i' ridico ke, secondo il comandamento tuo, padre santo Agostino, le battaglie già state nel mondo [..]",ADP NOUN DET PUNCT ADJ PROPN PUNCT ADP DET NOUN DET PUNCT NOUN ADJ PROPN PUNCT DET NOUN ADV AUX ADP NOUN PUNCT PUNCT PUNCT,"Poiché la necessità lo richiede, ripeto ciò che San Agostino, tuo padre, comandò, secondo il comando tuo: le battaglie della Chiesa già si sono svolte nel mondo."
Brunetto Latini,1294,fior.,"molto di maggiore memoria saranno faccendole al re, perciò che nella nostra cittade sempre fue santo e glorioso il nome reale, e sse furono compagni fue il loro nome santissimo;",ADV ADP ADJ NOUN AUX VERB ADP NOUN PUNCT ADV SCONJ ADP DET NOUN ADV VERB NOUN CCONJ ADJ DET NOUN ADJ PUNCT CCONJ ADJ AUX VERB ADP DET DET NOUN ADJ PUNCT,"affermerà la sua memoria un re, infatti in tutta la nostra città il nome reale è stato sempre santo e glorioso, e compagni del loro nome santo lo furono sempre."
Cavalca,1308,tosc.,"Non voglio, che insuperbischi per lo santo proposito, e voto della verginità vedendo le sue laudi",ADV VERB PUNCT DET VERB ADP DET ADJ NOUN PUNCT CCONJ NOUN ADP NOUN VERB DET DET NOUN,"Non desidero che ti vantaggi della tua intenzione santa e della tua voto di castità, vedendo glorie che lo meritano."
Fatti de' Romani (H+R),1313,fior.,"Santo Agostino fece u· libro ch'avea nome ""Agostino Della Città di Dio"".",PROPN PROPN VERB ADP ADP NOUN SCONJ VERB NOUN PUNCT PROPN ADP PROPN ADP PROPN PUNCT PUNCT,"Santo Agostino scrisse un libro chiamato ""La Città di Dio""."
Cavalca,1330,tosc.,Gregorio. Non udii mai che egli avesse maestro; ma il dono dello Spirito Santo non si può stringere a legge.,PROPN PUNCT ADV VERB ADV SCONJ PRON AUX NOUN PUNCT CCONJ DET NOUN ADP PROPN PROPN ADV PRON AUX VERB ADP NOUN PUNCT,Gregorio. Non ho mai sentito dire che egli avesse un maestro; ma il dono dello Spirito Santo è al di là della legge.
Brunetto Latini,1260-61,fior.,Verbigrazia: Mercatanti fiorentini passavano in nave per andare oltramare.,PROPN PUNCT PROPN PROPN VERB ADP NOUN ADP VERB VERB PUNCT,Verbgrazie: i mercanti fiorentini si recavano in nave fuori di qui.
Bono Giamboni,1292,fior.,"Quando averai nel cavaliere i detti segni veduti non andare a grandezza caendo, perchè nelle battaglie sono più utili i forti che i grandi.",SCONJ VERB ADP NOUN DET ADJ NOUN ADJ ADV VERB ADP NOUN ADJ PUNCT SCONJ ADP NOUN AUX ADV ADJ DET ADJ PRON DET NOUN PUNCT,"Quando avrai notato nel cavaliere i segni di ciò che vedi, non andare in cerca della grandezza, perché nelle battaglie sono più utili i forti che gli alti."
Bono Giamboni,1292,fior.,"e, cosa che anche è più grave, cioè essere preso, o vero fuggire, e suo Comune lasciare vincere.",CCONJ PUNCT PRON PRON ADV AUX ADV ADJ PUNCT CCONJ AUX VERB PUNCT CCONJ ADJ VERB PUNCT CCONJ DET PROPN VERB VERB PUNCT,"E, cosa che è anche più grave, cioè essere catturato o vero fuggire, e lasciare comune che sia sconfitto."
Filippo da Santa Croce,1323,tosc.,"Sappiate veramente, che se noi non ci fossimo sì affrettati del fuggire, noi saremmo tutti morti.",VERB ADV PUNCT SCONJ SCONJ PRON ADV PRON VERB ADV VERB ADP VERB PUNCT PRON AUX PRON NOUN PUNCT,"Sappiate veramente che, se noi non ci fossimo partiti all'istante, tutti saremmo stati morti."
Deca quarta,1346,fior.,"Tarco cretense che in aiuto era alli nimici avrebbe potuto fuggire, ma la vergogna d'abbandonare li nobilissimi cavalieri della gente achea poco avanti da lui",PROPN ADJ SCONJ ADP NOUN AUX NOUN ADJ AUX AUX VERB PUNCT CCONJ DET NOUN ADP VERB DET ADJ NOUN ADP NOUN ADJ ADV ADV ADP PRON,"Ecco il cretese Tarco, che avrebbe potuto fuggire per aiutare i nemici, ma l'umiltà di abbandonare i nobilissimi cavalieri achei, che poco prima lo avevano seguito."
Brunetto Latini,1260-61,fior.,"e l' acconciamento a fare grandissime cose, cioè a ttenere pace et amare Idio e 'l proximo, a ffare cittadi, castella e magioni",CCONJ DET PUNCT ADV ADP VERB ADJ NOUN PUNCT CCONJ ADP VERB NOUN CCONJ VERB ADV CCONJ AUX DET ADJ PUNCT ADP NOUN NOUN PUNCT PROPN CCONJ NOUN,"Perifrasi a fare cose gigantesche, cioè tenere pace e amare Dio e il prossimo, fare città, castelli e magioni."
Giovanni da San Miniato,1415,tosc.,colui che ancora non sa amare il prossimo come sé medesimo già cominci a temere i giudicii di Dio. ,PRON PRON ADV ADV AUX VERB DET ADJ ADP PRON ADJ ADV VERB ADP VERB DET NOUN ADP NOUN PUNCT,Colui che ancora non impara ad amare il prossimo come sé stesso già inizia a temere i giudizi di Dio.
Arte Am. Ovid. (B),1310/13,fior.,"L'ucello, poi che hae impaniate le ali, non fugge salvamente, né llo porco salvatico esce bene delle reti ove cade.",DET NOUN PUNCT ADV SCONJ NOUN VERB DET NOUN PUNCT ADV VERB NOUN PUNCT CCONJ ADP NOUN ADJ VERB ADV ADP NOUN ADV VERB PUNCT,"L'uomo, dopo aver sistemato le sue ali, non si difende salvo, né il selvaggio maiale si libera bene dalle reti in cui è caduto."
Cavalca,1308,tosc.,"Io gli apersi, e quelli fuggitte. E che bisogno è, che lo cuore tuo stia chiuso al tuo sposo Cristo?",PRON DET NOUN PUNCT CCONJ PRON ADV PUNCT CCONJ SCONJ NOUN VERB PUNCT SCONJ DET NOUN DET AUX VERB ADP DET NOUN PROPN PUNCT,"Io apersi gli occhi, che coloro fuggirono. E a che pro stabilire che il tuo cuore sia chiuso al suo sposo, Cristo?"
Prima catilinaria volg. (red. A),1294,fior.,"E dunque, da che queste cose son così, Catellina, e tu non puoi buonamente qui dimorare, dubiti tu d'andartene in alcuna terra ed usare questa vita fuggendo per li diserti",CCONJ ADV PUNCT ADP SCONJ DET NOUN AUX ADV PUNCT PROPN PUNCT CCONJ PRON ADV AUX VERB ADV VERB PUNCT VERB PRON ADP VERB ADP DET NOUN CCONJ VERB DET NOUN VERB ADP PRON VERB,"E dunque, poiché queste cose sono così, Caterina, e tu non puoi rimanervi onorevolmente, non dubiti di recarti in alcuna terra e di vivere questa vita fuggendo per i deserti?"
Chiose a Valerio Massimo (D - L. I-V),1346,tosc.,"Questi due, volendo contra la voglia del senato dimorare ne l'ufficio del tribunato, furono morti da la plebe, incitandola i padri coscritti.",DET NUM PUNCT VERB VERB DET NOUN ADP NOUN VERB ADP DET NOUN ADP NOUN PUNCT AUX VERB ADP DET NOUN PUNCT VERB DET NOUN ADJ PUNCT,"Quei due, osando resistere alla volontà del senato e desiderare rimanere al tribunato, furono uccisi dalla plebe, incitandola i patrizi coscritti."
Bono Giamboni,1292,fior.,"i giovani, a cui il difendimento delle provincie, e la ventura di tutta la battaglia si commette",DET NOUN PUNCT ADP PRON DET VERB ADP NOUN PUNCT CCONJ DET NOUN ADP DET DET NOUN PRON VERB,"Gli giovani, cui si affida la difesa delle province e il destino di tutta la battaglia."
Bono Giamboni,1292,fior.,"da' monti de' Romani si feciero nuovi nemici; contra i quali è conbactuto cum diversa ventura: perké nela primaia battaglia, essendo consolo Valerio, MMMD ne moriro de' Romani;",ADP PUNCT NOUN ADP ADP PROPN PRON VERB ADJ NOUN PUNCT VERB DET PRON AUX VERB NOUN DET NOUN PUNCT ADJ ADJ ADJ NOUN PUNCT AUX VERB PROPN PUNCT PROPN PRON PROPN ADP ADP PROPN PUNCT,"Da quei monti dei Romani si sono creati nuovi nemici; contro i quali si è scontrato con sorti diverse: poiché nella prima battaglia, essendo Console Valerio, circa 3.000 Romani vi persero la vita."
Fatti de' Romani (H+R),1313,fior.,"noi iscaciati e dipartiti per debito dela cittade, e tutti iscaciati da fama e da ventura buona.",PRON ADJ CCONJ NOUN ADP NOUN PROPN NOUN PUNCT CCONJ PRON VERB ADP NOUN CCONJ ADP NOUN ADJ PUNCT,"Noi dispersioni e allontanati per doveri dalla città, e tutti abbandonati da fama e da buona fortuna."
Simintendi,1333,tosc.,pregaste gli dei per me; e' vostri preghieri valsono: e se voi domandate chi ebbe ventura di questa battaglia; io non fui vinto da colui.,VERB DET NOUN ADP PRON PUNCT AUX AUX DET NOUN PROPN PUNCT CCONJ SCONJ PRON VERB PRON VERB NOUN ADP DET NOUN PUNCT PRON ADV AUX VERB ADP PRON PUNCT,"Pregaste gli dei per me; ciò è esito di vostri ordini: e se voi chiedete chi ebbe fortuna in questa battaglia, io non fui battuto da lui."
Valerio Massimo (red. V1,1336,fior.,"una villa chiamata Vitermina, con ciò fosse cosa che piusori principi di scherani corressero per ventura a quel tempo a vederlo, Scipione, stimando che venissero per isforzarlo, allogò ne la casa",DET NOUN VERB PROPN PUNCT ADP PRON AUX NOUN SCONJ ADJ NOUN ADP NOUN VERB ADP NOUN ADP DET NOUN ADP VERB PUNCT PROPN PUNCT VERB SCONJ VERB ADP VERB PUNCT NOUN ADP DET NOUN,"La villa chiamata Vitermina, vista la quale molti principi di scherno correvano per caso in quel tempo per vederla, Scipione, temendo che venissero per assaltarlo, alloché l'intrusi nella casa."
Brunetto Latini,1260-61,fior.,contra lui e contra le sue sorelle  e contra il reame e contra l' alto pregio della sua ingenerazione e della sua familia,VERB PRON CCONJ VERB DET DET NOUN SPACE CCONJ VERB DET NOUN CCONJ VERB DET DET ADJ NOUN ADP DET NOUN CCONJ ADP DET PROPN,"Contro di lui e contro le sue sorelle, contro il regno e contro il prestigio elevato della sua stirpe e della sua famiglia."
Fatti de' Romani (H+R),1313,fior.,"Allora che il navilio si fue impinto e messo in alto mare per andare diritto per mezo questo trapasso periglioso, l'aira divenne nuvolosa e pioveginosa",ADV SCONJ DET NOUN PRON PRON VERB CCONJ VERB ADP ADJ NOUN ADP VERB NOUN ADP NOUN DET NOUN ADJ PUNCT DET NOUN VERB ADJ CCONJ ADJ,"Ma quando la nave si fece al largo e si spinse in alto mare per proseguire dritta al di là di questo pericoloso passaggio, lo spazio si oscurò e divenne nuvoloso e piovoso."
Filippo da Santa Croce,1323,tosc.,"ne salìo in su l'argine del fosso, e in su lo steccato, se da alto si potessero difendere, o per alcuna maniera passare oltre e scampare.",PRON VERB ADP ADP DET NOUN ADP NOUN PUNCT CCONJ ADP ADP DET NOUN PUNCT SCONJ ADP NOUN PRON AUX VERB PUNCT CCONJ ADP DET NOUN VERB ADV CCONJ VERB PUNCT,"Salii fin sulla riva del fossato e sul cancellato, se dagli alto si potessero difendere o in qualche modo passare oltre e salvarsi."
Alberto della Piagentina,1330/32,fior.,"Ma l' occhio della intelligenza è più alto. Perciò che, passata la grandezza della universitade, quella medesima semplice forma vede nella sottil vista",CCONJ DET DET NOUN ADP NOUN AUX ADV ADJ PUNCT ADV SCONJ PUNCT VERB DET NOUN ADP NOUN PUNCT PRON ADJ ADJ NOUN VERB ADP ADJ NOUN,"Ma l'occhio della intelligenza è più alto, quindi quando la grandezza dell'università è passata, la stessa forma semplice diventa visibile nella profonda visione."
Brunetto Latini,1260-61,fior.,"Et se l' occhio è nobile membro del corpo dell' uomo, dunque la salutazione è nobile parte della pistola, c' altressì allumina tutta la lettera come l' occhio allumina l' uomo.",CCONJ SCONJ DET DET NOUN AUX ADJ NOUN ADP NOUN ADP PUNCT NOUN PUNCT ADV DET NOUN AUX ADJ NOUN ADP NOUN PUNCT PRON AUX VERB VERB DET DET NOUN ADP DET DET NOUN VERB DET PUNCT NOUN PUNCT,"E se l'occhio è un membro nobile del corpo dell'uomo, è naturale che la salutazione sia un'azione nobile della lettera; così, come l'occhio illumina tutta la persona, la salutazione illumina tutta la scrittura."
Bono Giamboni,1292,fior.,"Tarentini, i quali erano nati di quegli di Lacedemonia et facta da lloro nobile cittade de' Greci.",PROPN PUNCT DET PRON AUX VERB ADP PRON ADP PROPN CCONJ NOUN ADP NOUN ADJ NOUN ADP PROPN PROPN PUNCT,"I Tarantini, nati da quei di Sparta e creati dalla nobilissima città dei Greci."
Fatti de' Romani (H+R),1313,fior.,"Ulecois, ebe un uomo rico e nobile: Orgentore fue chiamato per nome.",PROPN PUNCT VERB DET NOUN ADJ CCONJ ADJ PUNCT PROPN AUX VERB ADP NOUN PUNCT,Ugo era un uomo ricco e nobile: gli fu dato il nome d'Orgenore.
Valerio Massimo (red. Va),1336,tosc.,"però che, sse nobile cosa e alta è abatte il nimico, ampoi nonn è meno laudabile sapere avere misiricordia",ADV SCONJ PUNCT NOUN ADJ NOUN CCONJ ADJ AUX VERB DET NOUN PUNCT PROPN PROPN AUX ADV ADJ VERB VERB PROPN,"Tuttavia, poiché è degna di lode e alta la virtù che combatte il nemico, anche più laudabile è saper mostrare pietà."
Bono Giamboni,1292,fior.,"Alexandri, ciò è il genero e 'l figliuolo, da Phausonia, gentile iovane di Macedonia, stando in uno luogo strecto sanza guardia, fue morto.",PROPN PUNCT PRON AUX DET NOUN CCONJ AUX DET NOUN PUNCT ADP PROPN PUNCT ADJ NOUN ADP PROPN PUNCT VERB ADP DET NOUN VERB NOUN NOUN PUNCT ADV ADJ PUNCT,"Alessandro, questo è cognato e figlio, da Fausania, giovane nobile di Macedonia, rimasto solo e senza scorta in un luogo stretto, fu ucciso."
Grazia di Meo,1343,tosc.,"Alchuno è riccho e gentile, ma lamentasi che vorebbe avere altra moglie che quella ch'egli à.",PROPN AUX PROPN CCONJ ADJ PUNCT CCONJ VERB PRON VERB VERB DET NOUN PRON PRON PRON PRON SYM PUNCT,"Alcuni sono ricchi e gentili, ma si lamentano di voler avere una moglie diversa da quella che hanno."
Zanobi da Strada,1361,tosc.,"Pietro, essendogli mostrato in figura il populo Gentile, sì gli fu detto: ammazza, e mangia",PROPN PUNCT AUX VERB ADP NOUN DET NOUN PROPN PUNCT ADV PRON AUX VERB PUNCT VERB PUNCT CCONJ VERB,"Pietro, visto il popolo gentile rappresentato dinanzi a sé, gli fu detto: uccidi e mangia."
Declamazioni di Seneca,1392,tosc.,"pregollo che lo liberasse di quella obbligazione, in che egli l' aveva lasciato ubbligato. El gentile uomo assentì, e liberollo, e fecene carta.",NOUN SCONJ PRON VERB ADP DET NOUN PUNCT ADP SCONJ PRON PRON PRON AUX VERB ADJ PUNCT NOUN ADJ NOUN VERB PUNCT CCONJ ADJ PUNCT CCONJ VERB PROPN PUNCT,"Il pregò che lo liberasse da quell'obbligazione, in cui egli era stato vincolato. Il gentiluomo acconsentì, lo liberò e ne fece carte."
Giovanni da San Miniato,1415,tosc.,"L'oro verrà dall'Aquilone. Che figuriamo noi per l'Aquilone, se non il populo Gentile congelato dal freddo del peccato, il qual populo tenne sotto il giogo della sua tirannia",DET NOUN VERB ADP PROPN PUNCT PRON VERB PRON ADP DET PROPN PUNCT SCONJ ADV DET NOUN PROPN VERB ADP NOUN ADP NOUN PUNCT DET DET NOUN VERB ADP DET NOUN ADP DET NOUN,"L'oro verrà dall'Aquila. Quale corpo popolo per l'Aquila, se non quello Gentile compatto, fatto scoglio dal freddo del peccato, che per lungo tempo tenne sottomesso al suo giogo tirannico."
Prima catilinaria volg. (red. A),1294,fior.,"sia in mezzo tra me e te: con noi non puo' tu già più lungamente dimorare, ch'io non lo sofferrò e non lo lascerò.",CCONJ ADP NOUN ADP PRON CCONJ PRON PUNCT ADP PRON ADV AUX PUNCT PRON ADV ADV ADV VERB PUNCT SCONJ PRON ADV DET PROPN CCONJ ADV PRON VERB PUNCT,"Sia tra me e te come ostaggio; non può più abitare con noi a lungo, ché non lo soffrirei e non lo perderei."
